,stop_id,train,stop_name,stop_lat,stop_lon,node_id
0,101,1,Van Cortlandt Park-242 St,40.889248,-73.898583,101_1
1,103,1,238 St,40.884667,-73.90087,103_1
2,104,1,231 St,40.878856,-73.904834,104_1
3,106,1,Marble Hill-225 St,40.874561,-73.909831,106_1
4,107,1,215 St,40.869444,-73.915279,107_1
5,108,1,207 St,40.864621,-73.918822,108_1
6,109,1,Dyckman St,40.860531,-73.925536,109_1
7,110,1,191 St,40.855225,-73.929412,110_1
8,111,1,181 St,40.849505,-73.933596,111_1
9,112,1,168 St-Washington Hts,40.840556,-73.940133,112_1
10,113,1,157 St,40.834041,-73.94489,113_1
11,114,1,145 St,40.826551,-73.95036,114_1
12,115,1,137 St-City College,40.822008,-73.953676,115_1
13,116,1,125 St,40.815581,-73.958372,116_1
14,117,1,116 St-Columbia University,40.807722,-73.96411,117_1
15,118,1,Cathedral Pkwy (110 St),40.803967,-73.966847,118_1
16,119,1,103 St,40.799446,-73.968379,119_1
17,120,1,96 St,40.793919,-73.972323,120_1
18,121,1,86 St,40.788644,-73.976218,121_1
19,122,1,79 St,40.783934,-73.979917,122_1
20,123,1,72 St,40.778453,-73.98197,123_1
21,124,1,66 St-Lincoln Center,40.77344,-73.982209,124_1
22,125,1,59 St-Columbus Circle,40.768247,-73.981929,125_1
23,126,1,50 St,40.761728,-73.983849,126_1
24,127,1,Times Sq-42 St,40.75529,-73.987495,127_1
25,128,1,34 St-Penn Station,40.750373,-73.991057,128_1
26,129,1,28 St,40.747215,-73.993365,129_1
27,130,1,23 St,40.744081,-73.995657,130_1
28,131,1,18 St,40.74104,-73.997871,131_1
29,132,1,14 St,40.737826,-74.000201,132_1
30,133,1,Christopher St-Sheridan Sq,40.733422,-74.002906,133_1
31,134,1,Houston St,40.728251,-74.005367,134_1
32,135,1,Canal St,40.722854,-74.006277,135_1
33,136,1,Franklin St,40.719318,-74.006886,136_1
34,137,1,Chambers St,40.715478,-74.009266,137_1
35,138,1,WTC Cortlandt,40.711835,-74.012188,138_1
36,139,1,Rector St,40.707513,-74.013783,139_1
37,142,1,South Ferry,40.702068,-74.013664,142_1
38,120,2,96 St,40.793919,-73.972323,120_2
39,121,2,86 St,40.788644,-73.976218,121_2
40,122,2,79 St,40.783934,-73.979917,122_2
41,123,2,72 St,40.778453,-73.98197,123_2
42,124,2,66 St-Lincoln Center,40.77344,-73.982209,124_2
43,125,2,59 St-Columbus Circle,40.768247,-73.981929,125_2
44,126,2,50 St,40.761728,-73.983849,126_2
45,127,2,Times Sq-42 St,40.75529,-73.987495,127_2
46,128,2,34 St-Penn Station,40.750373,-73.991057,128_2
47,129,2,28 St,40.747215,-73.993365,129_2
48,130,2,23 St,40.744081,-73.995657,130_2
49,131,2,18 St,40.74104,-73.997871,131_2
50,132,2,14 St,40.737826,-74.000201,132_2
51,133,2,Christopher St-Sheridan Sq,40.733422,-74.002906,133_2
52,134,2,Houston St,40.728251,-74.005367,134_2
53,135,2,Canal St,40.722854,-74.006277,135_2
54,136,2,Franklin St,40.719318,-74.006886,136_2
55,137,2,Chambers St,40.715478,-74.009266,137_2
56,201,2,Wakefield-241 St,40.903125,-73.85062,201_2
57,204,2,Nereid Av,40.898379,-73.854376,204_2
58,205,2,233 St,40.893193,-73.857473,205_2
59,206,2,225 St,40.888022,-73.860341,206_2
60,207,2,219 St,40.883895,-73.862633,207_2
61,208,2,Gun Hill Rd,40.87785,-73.866256,208_2
62,209,2,Burke Av,40.871356,-73.867164,209_2
63,210,2,Allerton Av,40.865462,-73.867352,210_2
64,211,2,Pelham Pkwy,40.857192,-73.867615,211_2
65,212,2,Bronx Park East,40.848828,-73.868457,212_2
66,213,2,E 180 St,40.841894,-73.873488,213_2
67,214,2,West Farms Sq-E Tremont Av,40.840295,-73.880049,214_2
68,215,2,174 St,40.837288,-73.887734,215_2
69,216,2,Freeman St,40.829993,-73.891865,216_2
70,217,2,Simpson St,40.824073,-73.893064,217_2
71,218,2,Intervale Av,40.822181,-73.896736,218_2
72,219,2,Prospect Av,40.819585,-73.90177,219_2
73,220,2,Jackson Av,40.81649,-73.907807,220_2
74,221,2,3 Av-149 St,40.816109,-73.917757,221_2
75,222,2,149 St-Grand Concourse,40.81841,-73.926718,222_2
76,224,2,135 St,40.814229,-73.94077,224_2
77,225,2,125 St,40.807754,-73.945495,225_2
78,226,2,116 St,40.802098,-73.949625,226_2
79,227,2,Central Park North (110 St),40.799075,-73.951822,227_2
80,228,2,Park Place,40.713051,-74.008811,228_2
81,229,2,Fulton St,40.709416,-74.006571,229_2
82,230,2,Wall St,40.706821,-74.0091,230_2
83,231,2,Clark St,40.697466,-73.993086,231_2
84,232,2,Borough Hall,40.693219,-73.989998,232_2
85,233,2,Hoyt St,40.690545,-73.985065,233_2
86,234,2,Nevins St,40.688246,-73.980492,234_2
87,235,2,Atlantic Av-Barclays Ctr,40.684359,-73.977666,235_2
88,236,2,Bergen St,40.680829,-73.975098,236_2
89,237,2,Grand Army Plaza,40.675235,-73.971046,237_2
90,238,2,Eastern Pkwy-Brooklyn Museum,40.671987,-73.964375,238_2
91,239,2,Franklin Av-Medgar Evers College,40.670682,-73.958131,239_2
92,241,2,President St-Medgar Evers College,40.667883,-73.950683,241_2
93,242,2,Sterling St,40.662742,-73.95085,242_2
94,243,2,Winthrop St,40.656652,-73.9502,243_2
95,244,2,Church Av,40.650843,-73.949575,244_2
96,245,2,Beverly Rd,40.645098,-73.948959,245_2
97,246,2,Newkirk Av-Little Haiti,40.639967,-73.948411,246_2
98,247,2,Flatbush Av-Brooklyn College,40.632836,-73.947642,247_2
99,248,2,Nostrand Av,40.669847,-73.950466,248_2
100,249,2,Kingston Av,40.669399,-73.942161,249_2
101,250,2,Crown Hts-Utica Av,40.668897,-73.932942,250_2
102,251,2,Sutter Av-Rutland Rd,40.664717,-73.92261,251_2
103,252,2,Saratoga Av,40.661453,-73.916327,252_2
104,253,2,Rockaway Av,40.662549,-73.908946,253_2
105,254,2,Junius St,40.663515,-73.902447,254_2
106,255,2,Pennsylvania Av,40.664635,-73.894895,255_2
107,256,2,Van Siclen Av,40.665449,-73.889395,256_2
108,257,2,New Lots Av,40.666235,-73.884079,257_2
109,120,3,96 St,40.793919,-73.972323,120_3
110,123,3,72 St,40.778453,-73.98197,123_3
111,127,3,Times Sq-42 St,40.75529,-73.987495,127_3
112,128,3,34 St-Penn Station,40.750373,-73.991057,128_3
113,132,3,14 St,40.737826,-74.000201,132_3
114,137,3,Chambers St,40.715478,-74.009266,137_3
115,224,3,135 St,40.814229,-73.94077,224_3
116,225,3,125 St,40.807754,-73.945495,225_3
117,226,3,116 St,40.802098,-73.949625,226_3
118,227,3,Central Park North (110 St),40.799075,-73.951822,227_3
119,228,3,Park Place,40.713051,-74.008811,228_3
120,229,3,Fulton St,40.709416,-74.006571,229_3
121,230,3,Wall St,40.706821,-74.0091,230_3
122,231,3,Clark St,40.697466,-73.993086,231_3
123,232,3,Borough Hall,40.693219,-73.989998,232_3
124,233,3,Hoyt St,40.690545,-73.985065,233_3
125,234,3,Nevins St,40.688246,-73.980492,234_3
126,235,3,Atlantic Av-Barclays Ctr,40.684359,-73.977666,235_3
127,236,3,Bergen St,40.680829,-73.975098,236_3
128,237,3,Grand Army Plaza,40.675235,-73.971046,237_3
129,238,3,Eastern Pkwy-Brooklyn Museum,40.671987,-73.964375,238_3
130,239,3,Franklin Av-Medgar Evers College,40.670682,-73.958131,239_3
131,248,3,Nostrand Av,40.669847,-73.950466,248_3
132,249,3,Kingston Av,40.669399,-73.942161,249_3
133,250,3,Crown Hts-Utica Av,40.668897,-73.932942,250_3
134,251,3,Sutter Av-Rutland Rd,40.664717,-73.92261,251_3
135,252,3,Saratoga Av,40.661453,-73.916327,252_3
136,253,3,Rockaway Av,40.662549,-73.908946,253_3
137,254,3,Junius St,40.663515,-73.902447,254_3
138,255,3,Pennsylvania Av,40.664635,-73.894895,255_3
139,256,3,Van Siclen Av,40.665449,-73.889395,256_3
140,257,3,New Lots Av,40.666235,-73.884079,257_3
141,301,3,Harlem-148 St,40.82388,-73.93647,301_3
142,302,3,145 St,40.820421,-73.936245,302_3
143,234,4,Nevins St,40.688246,-73.980492,234_4
144,235,4,Atlantic Av-Barclays Ctr,40.684359,-73.977666,235_4
145,236,4,Bergen St,40.680829,-73.975098,236_4
146,237,4,Grand Army Plaza,40.675235,-73.971046,237_4
147,238,4,Eastern Pkwy-Brooklyn Museum,40.671987,-73.964375,238_4
148,239,4,Franklin Av-Medgar Evers College,40.670682,-73.958131,239_4
149,248,4,Nostrand Av,40.669847,-73.950466,248_4
150,249,4,Kingston Av,40.669399,-73.942161,249_4
151,250,4,Crown Hts-Utica Av,40.668897,-73.932942,250_4
152,251,4,Sutter Av-Rutland Rd,40.664717,-73.92261,251_4
153,252,4,Saratoga Av,40.661453,-73.916327,252_4
154,253,4,Rockaway Av,40.662549,-73.908946,253_4
155,254,4,Junius St,40.663515,-73.902447,254_4
156,255,4,Pennsylvania Av,40.664635,-73.894895,255_4
157,256,4,Van Siclen Av,40.665449,-73.889395,256_4
158,257,4,New Lots Av,40.666235,-73.884079,257_4
159,401,4,Woodlawn,40.886037,-73.878751,401_4
160,402,4,Mosholu Pkwy,40.87975,-73.884655,402_4
161,405,4,Bedford Park Blvd-Lehman College,40.873412,-73.890064,405_4
162,406,4,Kingsbridge Rd,40.86776,-73.897174,406_4
163,407,4,Fordham Rd,40.862803,-73.901034,407_4
164,408,4,183 St,40.858407,-73.903879,408_4
165,409,4,Burnside Av,40.853453,-73.907684,409_4
166,410,4,176 St,40.84848,-73.911794,410_4
167,411,4,Mt Eden Av,40.844434,-73.914685,411_4
168,412,4,170 St,40.840075,-73.917791,412_4
169,413,4,167 St,40.835537,-73.9214,413_4
170,414,4,161 St-Yankee Stadium,40.827994,-73.925831,414_4
171,415,4,149 St-Grand Concourse,40.818375,-73.927351,415_4
172,416,4,138 St-Grand Concourse,40.813224,-73.929849,416_4
173,418,4,Fulton St,40.710368,-74.009509,418_4
174,419,4,Wall St,40.707557,-74.011862,419_4
175,420,4,Bowling Green,40.704817,-74.014065,420_4
176,423,4,Borough Hall,40.692404,-73.990151,423_4
177,621,4,125 St,40.804138,-73.937594,621_4
178,622,4,116 St,40.798629,-73.941617,622_4
179,623,4,110 St,40.79502,-73.94425,623_4
180,624,4,103 St,40.7906,-73.947478,624_4
181,625,4,96 St,40.785672,-73.95107,625_4
182,626,4,86 St,40.779492,-73.955589,626_4
183,627,4,77 St,40.77362,-73.959874,627_4
184,628,4,68 St-Hunter College,40.768141,-73.96387,628_4
185,629,4,59 St,40.762526,-73.967967,629_4
186,630,4,51 St,40.757107,-73.97192,630_4
187,631,4,Grand Central-42 St,40.751776,-73.976848,631_4
188,632,4,33 St,40.746081,-73.982076,632_4
189,633,4,28 St,40.74307,-73.984264,633_4
190,634,4,23 St,40.739864,-73.986599,634_4
191,635,4,14 St-Union Sq,40.734673,-73.989951,635_4
192,636,4,Astor Pl,40.730054,-73.99107,636_4
193,637,4,Bleecker St,40.725915,-73.994659,637_4
194,638,4,Spring St,40.722301,-73.997141,638_4
195,639,4,Canal St,40.718803,-74.000193,639_4
196,640,4,Brooklyn Bridge-City Hall,40.713065,-74.004131,640_4
197,120,5,96 St,40.793919,-73.972323,120_5
198,123,5,72 St,40.778453,-73.98197,123_5
199,127,5,Times Sq-42 St,40.75529,-73.987495,127_5
200,128,5,34 St-Penn Station,40.750373,-73.991057,128_5
201,132,5,14 St,40.737826,-74.000201,132_5
202,137,5,Chambers St,40.715478,-74.009266,137_5
203,138,5,WTC Cortlandt,40.711835,-74.012188,138_5
204,139,5,Rector St,40.707513,-74.013783,139_5
205,204,5,Nereid Av,40.898379,-73.854376,204_5
206,205,5,233 St,40.893193,-73.857473,205_5
207,206,5,225 St,40.888022,-73.860341,206_5
208,207,5,219 St,40.883895,-73.862633,207_5
209,208,5,Gun Hill Rd,40.87785,-73.866256,208_5
210,209,5,Burke Av,40.871356,-73.867164,209_5
211,210,5,Allerton Av,40.865462,-73.867352,210_5
212,211,5,Pelham Pkwy,40.857192,-73.867615,211_5
213,212,5,Bronx Park East,40.848828,-73.868457,212_5
214,213,5,E 180 St,40.841894,-73.873488,213_5
215,214,5,West Farms Sq-E Tremont Av,40.840295,-73.880049,214_5
216,215,5,174 St,40.837288,-73.887734,215_5
217,216,5,Freeman St,40.829993,-73.891865,216_5
218,217,5,Simpson St,40.824073,-73.893064,217_5
219,218,5,Intervale Av,40.822181,-73.896736,218_5
220,219,5,Prospect Av,40.819585,-73.90177,219_5
221,220,5,Jackson Av,40.81649,-73.907807,220_5
222,221,5,3 Av-149 St,40.816109,-73.917757,221_5
223,222,5,149 St-Grand Concourse,40.81841,-73.926718,222_5
224,224,5,135 St,40.814229,-73.94077,224_5
225,225,5,125 St,40.807754,-73.945495,225_5
226,226,5,116 St,40.802098,-73.949625,226_5
227,227,5,Central Park North (110 St),40.799075,-73.951822,227_5
228,228,5,Park Place,40.713051,-74.008811,228_5
229,229,5,Fulton St,40.709416,-74.006571,229_5
230,230,5,Wall St,40.706821,-74.0091,230_5
231,231,5,Clark St,40.697466,-73.993086,231_5
232,232,5,Borough Hall,40.693219,-73.989998,232_5
233,233,5,Hoyt St,40.690545,-73.985065,233_5
234,234,5,Nevins St,40.688246,-73.980492,234_5
235,235,5,Atlantic Av-Barclays Ctr,40.684359,-73.977666,235_5
236,239,5,Franklin Av-Medgar Evers College,40.670682,-73.958131,239_5
237,241,5,President St-Medgar Evers College,40.667883,-73.950683,241_5
238,242,5,Sterling St,40.662742,-73.95085,242_5
239,243,5,Winthrop St,40.656652,-73.9502,243_5
240,244,5,Church Av,40.650843,-73.949575,244_5
241,245,5,Beverly Rd,40.645098,-73.948959,245_5
242,246,5,Newkirk Av-Little Haiti,40.639967,-73.948411,246_5
243,247,5,Flatbush Av-Brooklyn College,40.632836,-73.947642,247_5
244,248,5,Nostrand Av,40.669847,-73.950466,248_5
245,249,5,Kingston Av,40.669399,-73.942161,249_5
246,250,5,Crown Hts-Utica Av,40.668897,-73.932942,250_5
247,251,5,Sutter Av-Rutland Rd,40.664717,-73.92261,251_5
248,252,5,Saratoga Av,40.661453,-73.916327,252_5
249,253,5,Rockaway Av,40.662549,-73.908946,253_5
250,254,5,Junius St,40.663515,-73.902447,254_5
251,255,5,Pennsylvania Av,40.664635,-73.894895,255_5
252,256,5,Van Siclen Av,40.665449,-73.889395,256_5
253,257,5,New Lots Av,40.666235,-73.884079,257_5
254,416,5,138 St-Grand Concourse,40.813224,-73.929849,416_5
255,418,5,Fulton St,40.710368,-74.009509,418_5
256,419,5,Wall St,40.707557,-74.011862,419_5
257,420,5,Bowling Green,40.704817,-74.014065,420_5
258,423,5,Borough Hall,40.692404,-73.990151,423_5
259,501,5,Eastchester-Dyre Av,40.8883,-73.830834,501_5
260,502,5,Baychester Av,40.878663,-73.838591,502_5
261,503,5,Gun Hill Rd,40.869526,-73.846384,503_5
262,504,5,Pelham Pkwy,40.858985,-73.855359,504_5
263,505,5,Morris Park,40.854364,-73.860495,505_5
264,621,5,125 St,40.804138,-73.937594,621_5
265,626,5,86 St,40.779492,-73.955589,626_5
266,629,5,59 St,40.762526,-73.967967,629_5
267,631,5,Grand Central-42 St,40.751776,-73.976848,631_5
268,635,5,14 St-Union Sq,40.734673,-73.989951,635_5
269,640,5,Brooklyn Bridge-City Hall,40.713065,-74.004131,640_5
270,601,6,Pelham Bay Park,40.852462,-73.828121,601_6
271,602,6,Buhre Av,40.84681,-73.832569,602_6
272,603,6,Middletown Rd,40.843863,-73.836322,603_6
273,604,6,Westchester Sq-E Tremont Av,40.839892,-73.842952,604_6
274,606,6,Zerega Av,40.836488,-73.847036,606_6
275,607,6,Castle Hill Av,40.834255,-73.851222,607_6
276,608,6,Parkchester,40.833226,-73.860816,608_6
277,609,6,St Lawrence Av,40.831509,-73.867618,609_6
278,610,6,Morrison Av-Soundview,40.829521,-73.874516,610_6
279,611,6,Elder Av,40.828584,-73.879159,611_6
280,612,6,Whitlock Av,40.826525,-73.886283,612_6
281,613,6,Hunts Point Av,40.820948,-73.890549,613_6
282,614,6,Longwood Av,40.816104,-73.896435,614_6
283,615,6,E 149 St,40.812118,-73.904098,615_6
284,616,6,E 143 St-St Mary's St,40.808719,-73.907657,616_6
285,617,6,Cypress Av,40.805368,-73.914042,617_6
286,618,6,Brook Av,40.807566,-73.91924,618_6
287,619,6,3 Av-138 St,40.810476,-73.926138,619_6
288,621,6,125 St,40.804138,-73.937594,621_6
289,622,6,116 St,40.798629,-73.941617,622_6
290,623,6,110 St,40.79502,-73.94425,623_6
291,624,6,103 St,40.7906,-73.947478,624_6
292,625,6,96 St,40.785672,-73.95107,625_6
293,626,6,86 St,40.779492,-73.955589,626_6
294,627,6,77 St,40.77362,-73.959874,627_6
295,628,6,68 St-Hunter College,40.768141,-73.96387,628_6
296,629,6,59 St,40.762526,-73.967967,629_6
297,630,6,51 St,40.757107,-73.97192,630_6
298,631,6,Grand Central-42 St,40.751776,-73.976848,631_6
299,632,6,33 St,40.746081,-73.982076,632_6
300,633,6,28 St,40.74307,-73.984264,633_6
301,634,6,23 St,40.739864,-73.986599,634_6
302,635,6,14 St-Union Sq,40.734673,-73.989951,635_6
303,636,6,Astor Pl,40.730054,-73.99107,636_6
304,637,6,Bleecker St,40.725915,-73.994659,637_6
305,638,6,Spring St,40.722301,-73.997141,638_6
306,639,6,Canal St,40.718803,-74.000193,639_6
307,640,6,Brooklyn Bridge-City Hall,40.713065,-74.004131,640_6
308,701,7,Flushing-Main St,40.7596,-73.83003,701_7
309,702,7,Mets-Willets Point,40.754622,-73.845625,702_7
310,705,7,111 St,40.75173,-73.855334,705_7
311,706,7,103 St-Corona Plaza,40.749865,-73.8627,706_7
312,707,7,Junction Blvd,40.749145,-73.869527,707_7
313,708,7,90 St-Elmhurst Av,40.748408,-73.876613,708_7
314,709,7,82 St-Jackson Hts,40.747659,-73.883697,709_7
315,710,7,74 St-Broadway,40.746848,-73.891394,710_7
316,711,7,69 St,40.746325,-73.896403,711_7
317,712,7,61 St-Woodside,40.74563,-73.902984,712_7
318,713,7,52 St,40.744149,-73.912549,713_7
319,714,7,46 St-Bliss St,40.743132,-73.918435,714_7
320,715,7,40 St-Lowery St,40.743781,-73.924016,715_7
321,716,7,33 St-Rawson St,40.744587,-73.930997,716_7
322,718,7,Queensboro Plaza,40.750582,-73.940202,718_7
323,719,7,Court Sq,40.747023,-73.945264,719_7
324,720,7,Hunters Point Av,40.742216,-73.948916,720_7
325,721,7,Vernon Blvd-Jackson Av,40.742626,-73.953581,721_7
326,723,7,Grand Central-42 St,40.751431,-73.976041,723_7
327,724,7,5 Av,40.753821,-73.981963,724_7
328,725,7,Times Sq-42 St,40.755477,-73.987691,725_7
329,726,7,34 St-Hudson Yards,40.755882,-74.00191,726_7
330,A02,A,Inwood-207 St,40.868072,-73.919899,A02_A
331,A03,A,Dyckman St,40.865491,-73.927271,A03_A
332,A05,A,190 St,40.859022,-73.93418,A05_A
333,A06,A,181 St,40.851695,-73.937969,A06_A
334,A07,A,175 St,40.847391,-73.939704,A07_A
335,A09,A,168 St,40.840719,-73.939561,A09_A
336,A10,A,163 St-Amsterdam Av,40.836013,-73.939892,A10_A
337,A11,A,155 St,40.830518,-73.941514,A11_A
338,A12,A,145 St,40.824783,-73.944216,A12_A
339,A14,A,135 St,40.817894,-73.947649,A14_A
340,A15,A,125 St,40.811109,-73.952343,A15_A
341,A16,A,116 St,40.805085,-73.954882,A16_A
342,A17,A,Cathedral Pkwy (110 St),40.800603,-73.958161,A17_A
343,A18,A,103 St,40.796092,-73.961454,A18_A
344,A19,A,96 St,40.791642,-73.964696,A19_A
345,A20,A,86 St,40.785868,-73.968916,A20_A
346,A21,A,81 St-Museum of Natural History,40.781433,-73.972143,A21_A
347,A22,A,72 St,40.775594,-73.97641,A22_A
348,A24,A,59 St-Columbus Circle,40.768296,-73.981736,A24_A
349,A25,A,50 St,40.762456,-73.985984,A25_A
350,A27,A,42 St-Port Authority Bus Terminal,40.757308,-73.989735,A27_A
351,A28,A,34 St-Penn Station,40.752287,-73.993391,A28_A
352,A30,A,23 St,40.745906,-73.998041,A30_A
353,A31,A,14 St,40.740893,-74.00169,A31_A
354,A32,A,W 4 St-Wash Sq,40.732338,-74.000495,A32_A
355,A33,A,Spring St,40.726227,-74.003739,A33_A
356,A34,A,Canal St,40.720824,-74.005229,A34_A
357,A36,A,Chambers St,40.714111,-74.008585,A36_A
358,A38,A,Fulton St,40.710197,-74.007691,A38_A
359,A40,A,High St,40.699337,-73.990531,A40_A
360,A41,A,Jay St-MetroTech,40.692338,-73.987342,A41_A
361,A42,A,Hoyt-Schermerhorn Sts,40.688484,-73.985001,A42_A
362,A43,A,Lafayette Av,40.686113,-73.973946,A43_A
363,A44,A,Clinton-Washington Avs,40.683263,-73.965838,A44_A
364,A45,A,Franklin Av,40.68138,-73.956848,A45_A
365,A46,A,Nostrand Av,40.680438,-73.950426,A46_A
366,A47,A,Kingston-Throop Avs,40.679921,-73.940858,A47_A
367,A48,A,Utica Av,40.679364,-73.930729,A48_A
368,A49,A,Ralph Av,40.678822,-73.920786,A49_A
369,A50,A,Rockaway Av,40.67834,-73.911946,A50_A
370,A51,A,Broadway Junction,40.678334,-73.905316,A51_A
371,A52,A,Liberty Av,40.674542,-73.896548,A52_A
372,A53,A,Van Siclen Av,40.67271,-73.890358,A53_A
373,A54,A,Shepherd Av,40.67413,-73.88075,A54_A
374,A55,A,Euclid Av,40.675377,-73.872106,A55_A
375,A57,A,Grant Av,40.677044,-73.86505,A57_A
376,A59,A,80 St,40.679371,-73.858992,A59_A
377,A60,A,88 St,40.679843,-73.85147,A60_A
378,A61,A,Rockaway Blvd,40.680429,-73.843853,A61_A
379,A63,A,104 St,40.681711,-73.837683,A63_A
380,A64,A,111 St,40.684331,-73.832163,A64_A
381,A65,A,Ozone Park-Lefferts Blvd,40.685951,-73.825798,A65_A
382,H01,A,Aqueduct Racetrack,40.668234,-73.834058,H01_A
383,H02,A,Aqueduct-N Conduit Av,40.668234,-73.834058,H02_A
384,H03,A,Howard Beach-JFK Airport,40.660476,-73.830301,H03_A
385,H04,A,Broad Channel,40.608382,-73.815925,H04_A
386,H06,A,Beach 67 St,40.590927,-73.796924,H06_A
387,H07,A,Beach 60 St,40.592374,-73.788522,H07_A
388,H08,A,Beach 44 St,40.592943,-73.776013,H08_A
389,H09,A,Beach 36 St,40.595398,-73.768175,H09_A
390,H10,A,Beach 25 St,40.600066,-73.761353,H10_A
391,H11,A,Far Rockaway-Mott Av,40.603995,-73.755405,H11_A
392,H12,A,Beach 90 St,40.588034,-73.813641,H12_A
393,H13,A,Beach 98 St,40.585307,-73.820558,H13_A
394,H14,A,Beach 105 St,40.583209,-73.827559,H14_A
395,H15,A,Rockaway Park-Beach 116 St,40.580903,-73.835592,H15_A
396,A12,B,145 St,40.824783,-73.944216,A12_B
397,A14,B,135 St,40.817894,-73.947649,A14_B
398,A15,B,125 St,40.811109,-73.952343,A15_B
399,A16,B,116 St,40.805085,-73.954882,A16_B
400,A17,B,Cathedral Pkwy (110 St),40.800603,-73.958161,A17_B
401,A18,B,103 St,40.796092,-73.961454,A18_B
402,A19,B,96 St,40.791642,-73.964696,A19_B
403,A20,B,86 St,40.785868,-73.968916,A20_B
404,A21,B,81 St-Museum of Natural History,40.781433,-73.972143,A21_B
405,A22,B,72 St,40.775594,-73.97641,A22_B
406,A24,B,59 St-Columbus Circle,40.768296,-73.981736,A24_B
407,D03,B,Bedford Park Blvd,40.873244,-73.887138,D03_B
408,D04,B,Kingsbridge Rd,40.866978,-73.893509,D04_B
409,D05,B,Fordham Rd,40.861296,-73.897749,D05_B
410,D06,B,182-183 Sts,40.856093,-73.900741,D06_B
411,D07,B,Tremont Av,40.85041,-73.905227,D07_B
412,D08,B,174-175 Sts,40.8459,-73.910136,D08_B
413,D09,B,170 St,40.839306,-73.9134,D09_B
414,D10,B,167 St,40.833771,-73.91844,D10_B
415,D11,B,161 St-Yankee Stadium,40.827905,-73.925651,D11_B
416,D12,B,155 St,40.830135,-73.938209,D12_B
417,D13,B,145 St,40.824783,-73.944216,D13_B
418,D14,B,7 Av,40.762862,-73.981637,D14_B
419,D15,B,47-50 Sts-Rockefeller Ctr,40.758663,-73.981329,D15_B
420,D16,B,42 St-Bryant Pk,40.754222,-73.984569,D16_B
421,D17,B,34 St-Herald Sq,40.749719,-73.987823,D17_B
422,D20,B,W 4 St-Wash Sq,40.732338,-74.000495,D20_B
423,D21,B,Broadway-Lafayette St,40.725297,-73.996204,D21_B
424,D22,B,Grand St,40.718267,-73.993753,D22_B
425,D24,B,Atlantic Av-Barclays Ctr,40.68446,-73.97689,D24_B
426,D25,B,7 Av,40.67705,-73.972367,D25_B
427,D26,B,Prospect Park,40.661614,-73.962246,D26_B
428,D27,B,Parkside Av,40.655292,-73.961495,D27_B
429,D28,B,Church Av,40.650527,-73.962982,D28_B
430,D29,B,Beverley Rd,40.644031,-73.964492,D29_B
431,D30,B,Cortelyou Rd,40.640927,-73.963891,D30_B
432,D31,B,Newkirk Plaza,40.635082,-73.962793,D31_B
433,D32,B,Avenue H,40.62927,-73.961639,D32_B
434,D33,B,Avenue J,40.625039,-73.960803,D33_B
435,D34,B,Avenue M,40.617618,-73.959399,D34_B
436,D35,B,Kings Hwy,40.60867,-73.957734,D35_B
437,D37,B,Avenue U,40.5993,-73.955929,D37_B
438,D38,B,Neck Rd,40.595246,-73.955161,D38_B
439,D39,B,Sheepshead Bay,40.586896,-73.954155,D39_B
440,D40,B,Brighton Beach,40.577621,-73.961376,D40_B
441,R30,B,DeKalb Av,40.690635,-73.981824,R30_B
442,A09,C,168 St,40.840719,-73.939561,A09_C
443,A10,C,163 St-Amsterdam Av,40.836013,-73.939892,A10_C
444,A11,C,155 St,40.830518,-73.941514,A11_C
445,A12,C,145 St,40.824783,-73.944216,A12_C
446,A14,C,135 St,40.817894,-73.947649,A14_C
447,A15,C,125 St,40.811109,-73.952343,A15_C
448,A16,C,116 St,40.805085,-73.954882,A16_C
449,A17,C,Cathedral Pkwy (110 St),40.800603,-73.958161,A17_C
450,A18,C,103 St,40.796092,-73.961454,A18_C
451,A19,C,96 St,40.791642,-73.964696,A19_C
452,A20,C,86 St,40.785868,-73.968916,A20_C
453,A21,C,81 St-Museum of Natural History,40.781433,-73.972143,A21_C
454,A22,C,72 St,40.775594,-73.97641,A22_C
455,A24,C,59 St-Columbus Circle,40.768296,-73.981736,A24_C
456,A25,C,50 St,40.762456,-73.985984,A25_C
457,A27,C,42 St-Port Authority Bus Terminal,40.757308,-73.989735,A27_C
458,A28,C,34 St-Penn Station,40.752287,-73.993391,A28_C
459,A30,C,23 St,40.745906,-73.998041,A30_C
460,A31,C,14 St,40.740893,-74.00169,A31_C
461,A32,C,W 4 St-Wash Sq,40.732338,-74.000495,A32_C
462,A33,C,Spring St,40.726227,-74.003739,A33_C
463,A34,C,Canal St,40.720824,-74.005229,A34_C
464,A36,C,Chambers St,40.714111,-74.008585,A36_C
465,A38,C,Fulton St,40.710197,-74.007691,A38_C
466,A40,C,High St,40.699337,-73.990531,A40_C
467,A41,C,Jay St-MetroTech,40.692338,-73.987342,A41_C
468,A42,C,Hoyt-Schermerhorn Sts,40.688484,-73.985001,A42_C
469,A43,C,Lafayette Av,40.686113,-73.973946,A43_C
470,A44,C,Clinton-Washington Avs,40.683263,-73.965838,A44_C
471,A45,C,Franklin Av,40.68138,-73.956848,A45_C
472,A46,C,Nostrand Av,40.680438,-73.950426,A46_C
473,A47,C,Kingston-Throop Avs,40.679921,-73.940858,A47_C
474,A48,C,Utica Av,40.679364,-73.930729,A48_C
475,A49,C,Ralph Av,40.678822,-73.920786,A49_C
476,A50,C,Rockaway Av,40.67834,-73.911946,A50_C
477,A51,C,Broadway Junction,40.678334,-73.905316,A51_C
478,A52,C,Liberty Av,40.674542,-73.896548,A52_C
479,A53,C,Van Siclen Av,40.67271,-73.890358,A53_C
480,A54,C,Shepherd Av,40.67413,-73.88075,A54_C
481,A55,C,Euclid Av,40.675377,-73.872106,A55_C
482,D13,C,145 St,40.824783,-73.944216,D13_C
483,A15,D,125 St,40.811109,-73.952343,A15_D
484,A24,D,59 St-Columbus Circle,40.768296,-73.981736,A24_D
485,B12,D,9 Av,40.646292,-73.994324,B12_D
486,B13,D,Fort Hamilton Pkwy,40.640914,-73.994304,B13_D
487,B14,D,50 St,40.63626,-73.994791,B14_D
488,B15,D,55 St,40.631435,-73.995476,B15_D
489,B16,D,62 St,40.626472,-73.996895,B16_D
490,B17,D,71 St,40.619589,-73.998864,B17_D
491,B18,D,79 St,40.613501,-74.00061,B18_D
492,B19,D,18 Av,40.607954,-74.001736,B19_D
493,B20,D,20 Av,40.604556,-73.998168,B20_D
494,B21,D,Bay Pkwy,40.601875,-73.993728,B21_D
495,B22,D,25 Av,40.597704,-73.986829,B22_D
496,B23,D,Bay 50 St,40.588841,-73.983765,B23_D
497,D01,D,Norwood-205 St,40.874811,-73.878855,D01_D
498,D03,D,Bedford Park Blvd,40.873244,-73.887138,D03_D
499,D04,D,Kingsbridge Rd,40.866978,-73.893509,D04_D
500,D05,D,Fordham Rd,40.861296,-73.897749,D05_D
501,D06,D,182-183 Sts,40.856093,-73.900741,D06_D
502,D07,D,Tremont Av,40.85041,-73.905227,D07_D
503,D08,D,174-175 Sts,40.8459,-73.910136,D08_D
504,D09,D,170 St,40.839306,-73.9134,D09_D
505,D10,D,167 St,40.833771,-73.91844,D10_D
506,D11,D,161 St-Yankee Stadium,40.827905,-73.925651,D11_D
507,D12,D,155 St,40.830135,-73.938209,D12_D
508,D13,D,145 St,40.824783,-73.944216,D13_D
509,D14,D,7 Av,40.762862,-73.981637,D14_D
510,D15,D,47-50 Sts-Rockefeller Ctr,40.758663,-73.981329,D15_D
511,D16,D,42 St-Bryant Pk,40.754222,-73.984569,D16_D
512,D17,D,34 St-Herald Sq,40.749719,-73.987823,D17_D
513,D20,D,W 4 St-Wash Sq,40.732338,-74.000495,D20_D
514,D21,D,Broadway-Lafayette St,40.725297,-73.996204,D21_D
515,D22,D,Grand St,40.718267,-73.993753,D22_D
516,D43,D,Coney Island-Stillwell Av,40.577422,-73.981233,D43_D
517,R30,D,DeKalb Av,40.690635,-73.981824,R30_D
518,R31,D,Atlantic Av-Barclays Ctr,40.683666,-73.97881,R31_D
519,R32,D,Union St,40.677316,-73.98311,R32_D
520,R33,D,4 Av-9 St,40.670847,-73.988302,R33_D
521,R34,D,Prospect Av,40.665414,-73.992872,R34_D
522,R35,D,25 St,40.660397,-73.998091,R35_D
523,R36,D,36 St,40.655144,-74.003549,R36_D
524,A25,E,50 St,40.762456,-73.985984,A25_E
525,A27,E,42 St-Port Authority Bus Terminal,40.757308,-73.989735,A27_E
526,A28,E,34 St-Penn Station,40.752287,-73.993391,A28_E
527,A30,E,23 St,40.745906,-73.998041,A30_E
528,A31,E,14 St,40.740893,-74.00169,A31_E
529,A32,E,W 4 St-Wash Sq,40.732338,-74.000495,A32_E
530,A33,E,Spring St,40.726227,-74.003739,A33_E
531,A34,E,Canal St,40.720824,-74.005229,A34_E
532,D14,E,7 Av,40.762862,-73.981637,D14_E
533,E01,E,World Trade Center,40.712582,-74.009781,E01_E
534,F01,E,Jamaica-179 St,40.712646,-73.783817,F01_E
535,F02,E,169 St,40.71047,-73.793604,F02_E
536,F03,E,Parsons Blvd,40.707564,-73.803326,F03_E
537,F04,E,Sutphin Blvd,40.70546,-73.810708,F04_E
538,F05,E,Briarwood,40.709179,-73.820574,F05_E
539,F06,E,Kew Gardens-Union Tpke,40.714441,-73.831008,F06_E
540,F07,E,75 Av,40.718331,-73.837324,F07_E
541,F09,E,Court Sq-23 St,40.747846,-73.946,F09_E
542,F11,E,Lexington Av/53 St,40.757552,-73.969055,F11_E
543,F12,E,5 Av/53 St,40.760167,-73.975224,F12_E
544,G05,E,Jamaica Center-Parsons/Archer,40.702147,-73.801109,G05_E
545,G06,E,Sutphin Blvd-Archer Av-JFK Airport,40.700486,-73.807969,G06_E
546,G07,E,Jamaica-Van Wyck,40.702566,-73.816859,G07_E
547,G08,E,Forest Hills-71 Av,40.721691,-73.844521,G08_E
548,G09,E,67 Av,40.726523,-73.852719,G09_E
549,G10,E,63 Dr-Rego Park,40.729846,-73.861604,G10_E
550,G11,E,Woodhaven Blvd,40.733106,-73.869229,G11_E
551,G12,E,Grand Av-Newtown,40.737015,-73.877223,G12_E
552,G13,E,Elmhurst Av,40.742454,-73.882017,G13_E
553,G14,E,Jackson Hts-Roosevelt Av,40.746644,-73.891338,G14_E
554,G15,E,65 St,40.749669,-73.898453,G15_E
555,G16,E,Northern Blvd,40.752885,-73.906006,G16_E
556,G18,E,46 St,40.756312,-73.913333,G18_E
557,G19,E,Steinway St,40.756879,-73.92074,G19_E
558,G20,E,36 St,40.752039,-73.928781,G20_E
559,G21,E,Queens Plaza,40.748973,-73.937243,G21_E
560,A41,F,Jay St-MetroTech,40.692338,-73.987342,A41_F
561,B04,F,21 St-Queensbridge,40.754203,-73.942836,B04_F
562,B06,F,Roosevelt Island,40.759145,-73.95326,B06_F
563,B08,F,Lexington Av/63 St,40.764629,-73.966113,B08_F
564,B10,F,57 St,40.763972,-73.97745,B10_F
565,D15,F,47-50 Sts-Rockefeller Ctr,40.758663,-73.981329,D15_F
566,D16,F,42 St-Bryant Pk,40.754222,-73.984569,D16_F
567,D17,F,34 St-Herald Sq,40.749719,-73.987823,D17_F
568,D18,F,23 St,40.742878,-73.992821,D18_F
569,D19,F,14 St,40.738228,-73.996209,D19_F
570,D20,F,W 4 St-Wash Sq,40.732338,-74.000495,D20_F
571,D21,F,Broadway-Lafayette St,40.725297,-73.996204,D21_F
572,D42,F,W 8 St-NY Aquarium,40.576127,-73.975939,D42_F
573,D43,F,Coney Island-Stillwell Av,40.577422,-73.981233,D43_F
574,F01,F,Jamaica-179 St,40.712646,-73.783817,F01_F
575,F02,F,169 St,40.71047,-73.793604,F02_F
576,F03,F,Parsons Blvd,40.707564,-73.803326,F03_F
577,F04,F,Sutphin Blvd,40.70546,-73.810708,F04_F
578,F05,F,Briarwood,40.709179,-73.820574,F05_F
579,F06,F,Kew Gardens-Union Tpke,40.714441,-73.831008,F06_F
580,F07,F,75 Av,40.718331,-73.837324,F07_F
581,F14,F,2 Av,40.723402,-73.989938,F14_F
582,F15,F,Delancey St-Essex St,40.718611,-73.988114,F15_F
583,F16,F,East Broadway,40.713715,-73.990173,F16_F
584,F18,F,York St,40.701397,-73.986751,F18_F
585,F20,F,Bergen St,40.686145,-73.990862,F20_F
586,F21,F,Carroll St,40.680303,-73.995048,F21_F
587,F22,F,Smith-9 Sts,40.67358,-73.995959,F22_F
588,F23,F,4 Av-9 St,40.670272,-73.989779,F23_F
589,F24,F,7 Av,40.666271,-73.980305,F24_F
590,F25,F,15 St-Prospect Park,40.660365,-73.979493,F25_F
591,F26,F,Fort Hamilton Pkwy,40.650782,-73.975776,F26_F
592,F27,F,Church Av,40.644041,-73.979678,F27_F
593,F29,F,Ditmas Av,40.636119,-73.978172,F29_F
594,F30,F,18 Av,40.629755,-73.976971,F30_F
595,F31,F,Avenue I,40.625322,-73.976127,F31_F
596,F32,F,Bay Pkwy,40.620769,-73.975264,F32_F
597,F33,F,Avenue N,40.61514,-73.974197,F33_F
598,F34,F,Avenue P,40.608944,-73.973022,F34_F
599,F35,F,Kings Hwy,40.603217,-73.972361,F35_F
600,F36,F,Avenue U,40.596063,-73.973357,F36_F
601,F38,F,Avenue X,40.58962,-73.97425,F38_F
602,F39,F,Neptune Av,40.581011,-73.974574,F39_F
603,G08,F,Forest Hills-71 Av,40.721691,-73.844521,G08_F
604,G14,F,Jackson Hts-Roosevelt Av,40.746644,-73.891338,G14_F
605,D26,FS,Prospect Park,40.661614,-73.962246,D26_FS
606,S01,FS,Franklin Av,40.680596,-73.955827,S01_FS
607,S03,FS,Park Pl,40.674772,-73.957624,S03_FS
608,S04,FS,Botanic Garden,40.670343,-73.959245,S04_FS
609,A42,G,Hoyt-Schermerhorn Sts,40.688484,-73.985001,A42_G
610,F20,G,Bergen St,40.686145,-73.990862,F20_G
611,F21,G,Carroll St,40.680303,-73.995048,F21_G
612,F22,G,Smith-9 Sts,40.67358,-73.995959,F22_G
613,F23,G,4 Av-9 St,40.670272,-73.989779,F23_G
614,F24,G,7 Av,40.666271,-73.980305,F24_G
615,F25,G,15 St-Prospect Park,40.660365,-73.979493,F25_G
616,F26,G,Fort Hamilton Pkwy,40.650782,-73.975776,F26_G
617,F27,G,Church Av,40.644041,-73.979678,F27_G
618,G22,G,Court Sq,40.746554,-73.943832,G22_G
619,G24,G,21 St,40.744065,-73.949724,G24_G
620,G26,G,Greenpoint Av,40.731352,-73.954449,G26_G
621,G28,G,Nassau Av,40.724635,-73.951277,G28_G
622,G29,G,Metropolitan Av,40.712792,-73.951418,G29_G
623,G30,G,Broadway,40.706092,-73.950308,G30_G
624,G31,G,Flushing Av,40.700377,-73.950234,G31_G
625,G32,G,Myrtle-Willoughby Avs,40.694568,-73.949046,G32_G
626,G33,G,Bedford-Nostrand Avs,40.689627,-73.953522,G33_G
627,G34,G,Classon Av,40.688873,-73.96007,G34_G
628,G35,G,Clinton-Washington Avs,40.688089,-73.966839,G35_G
629,G36,G,Fulton St,40.687119,-73.975375,G36_G
630,901,GS,Grand Central-42 St,40.752769,-73.979189,901_GS
631,902,GS,Times Sq-42 St,40.755983,-73.986229,902_GS
632,H04,H,Broad Channel,40.608382,-73.815925,H04_H
633,H12,H,Beach 90 St,40.588034,-73.813641,H12_H
634,H13,H,Beach 98 St,40.585307,-73.820558,H13_H
635,H14,H,Beach 105 St,40.583209,-73.827559,H14_H
636,H15,H,Rockaway Park-Beach 116 St,40.580903,-73.835592,H15_H
637,G05,J,Jamaica Center-Parsons/Archer,40.702147,-73.801109,G05_J
638,G06,J,Sutphin Blvd-Archer Av-JFK Airport,40.700486,-73.807969,G06_J
639,J12,J,121 St,40.700492,-73.828294,J12_J
640,J13,J,111 St,40.697418,-73.836345,J13_J
641,J14,J,104 St,40.695178,-73.84433,J14_J
642,J15,J,Woodhaven Blvd,40.693879,-73.851576,J15_J
643,J16,J,85 St-Forest Pkwy,40.692435,-73.86001,J16_J
644,J17,J,75 St-Elderts Ln,40.691324,-73.867139,J17_J
645,J19,J,Cypress Hills,40.689941,-73.87255,J19_J
646,J20,J,Crescent St,40.683194,-73.873785,J20_J
647,J21,J,Norwood Av,40.68141,-73.880039,J21_J
648,J22,J,Cleveland St,40.679947,-73.884639,J22_J
649,J23,J,Van Siclen Av,40.678024,-73.891688,J23_J
650,J24,J,Alabama Av,40.676992,-73.898654,J24_J
651,J27,J,Broadway Junction,40.679498,-73.904512,J27_J
652,J28,J,Chauncey St,40.682893,-73.910456,J28_J
653,J29,J,Halsey St,40.68637,-73.916559,J29_J
654,J30,J,Gates Av,40.68963,-73.92227,J30_J
655,J31,J,Kosciuszko St,40.693342,-73.928814,J31_J
656,M11,J,Myrtle Av,40.697207,-73.935657,M11_J
657,M12,J,Flushing Av,40.70026,-73.941126,M12_J
658,M13,J,Lorimer St,40.703869,-73.947408,M13_J
659,M14,J,Hewes St,40.70687,-73.953431,M14_J
660,M16,J,Marcy Av,40.708359,-73.957757,M16_J
661,M18,J,Delancey St-Essex St,40.718315,-73.987437,M18_J
662,M19,J,Bowery,40.72028,-73.993915,M19_J
663,M20,J,Canal St,40.718092,-73.999892,M20_J
664,M21,J,Chambers St,40.713243,-74.003401,M21_J
665,M22,J,Fulton St,40.710374,-74.007582,M22_J
666,M23,J,Broad St,40.706476,-74.011056,M23_J
667,J27,L,Broadway Junction,40.679498,-73.904512,J27_L
668,L01,L,8 Av,40.739777,-74.002578,L01_L
669,L02,L,6 Av,40.737335,-73.996786,L02_L
670,L03,L,14 St-Union Sq,40.734789,-73.99073,L03_L
671,L05,L,3 Av,40.732849,-73.986122,L05_L
672,L06,L,1 Av,40.730953,-73.981628,L06_L
673,L08,L,Bedford Av,40.717304,-73.956872,L08_L
674,L10,L,Lorimer St,40.714063,-73.950275,L10_L
675,L11,L,Graham Av,40.714565,-73.944053,L11_L
676,L12,L,Grand St,40.711926,-73.94067,L12_L
677,L13,L,Montrose Av,40.707739,-73.93985,L13_L
678,L14,L,Morgan Av,40.706152,-73.933147,L14_L
679,L15,L,Jefferson St,40.706607,-73.922913,L15_L
680,L16,L,DeKalb Av,40.703811,-73.918425,L16_L
681,L17,L,Myrtle-Wyckoff Avs,40.699814,-73.911586,L17_L
682,L19,L,Halsey St,40.695602,-73.904084,L19_L
683,L20,L,Wilson Av,40.688764,-73.904046,L20_L
684,L21,L,Bushwick Av-Aberdeen St,40.682829,-73.905249,L21_L
685,L22,L,Broadway Junction,40.678856,-73.90324,L22_L
686,L24,L,Atlantic Av,40.675345,-73.903097,L24_L
687,L25,L,Sutter Av,40.669367,-73.901975,L25_L
688,L26,L,Livonia Av,40.664038,-73.900571,L26_L
689,L27,L,New Lots Av,40.658733,-73.899232,L27_L
690,L28,L,East 105 St,40.650573,-73.899485,L28_L
691,L29,L,Canarsie-Rockaway Pkwy,40.646654,-73.90185,L29_L
692,D15,M,47-50 Sts-Rockefeller Ctr,40.758663,-73.981329,D15_M
693,D16,M,42 St-Bryant Pk,40.754222,-73.984569,D16_M
694,D17,M,34 St-Herald Sq,40.749719,-73.987823,D17_M
695,D18,M,23 St,40.742878,-73.992821,D18_M
696,D19,M,14 St,40.738228,-73.996209,D19_M
697,D20,M,W 4 St-Wash Sq,40.732338,-74.000495,D20_M
698,D21,M,Broadway-Lafayette St,40.725297,-73.996204,D21_M
699,F09,M,Court Sq-23 St,40.747846,-73.946,F09_M
700,F11,M,Lexington Av/53 St,40.757552,-73.969055,F11_M
701,F12,M,5 Av/53 St,40.760167,-73.975224,F12_M
702,G08,M,Forest Hills-71 Av,40.721691,-73.844521,G08_M
703,G09,M,67 Av,40.726523,-73.852719,G09_M
704,G10,M,63 Dr-Rego Park,40.729846,-73.861604,G10_M
705,G11,M,Woodhaven Blvd,40.733106,-73.869229,G11_M
706,G12,M,Grand Av-Newtown,40.737015,-73.877223,G12_M
707,G13,M,Elmhurst Av,40.742454,-73.882017,G13_M
708,G14,M,Jackson Hts-Roosevelt Av,40.746644,-73.891338,G14_M
709,G15,M,65 St,40.749669,-73.898453,G15_M
710,G16,M,Northern Blvd,40.752885,-73.906006,G16_M
711,G18,M,46 St,40.756312,-73.913333,G18_M
712,G19,M,Steinway St,40.756879,-73.92074,G19_M
713,G20,M,36 St,40.752039,-73.928781,G20_M
714,G21,M,Queens Plaza,40.748973,-73.937243,G21_M
715,M01,M,Middle Village-Metropolitan Av,40.711396,-73.889601,M01_M
716,M04,M,Fresh Pond Rd,40.706186,-73.895877,M04_M
717,M05,M,Forest Av,40.704423,-73.903077,M05_M
718,M06,M,Seneca Av,40.702762,-73.90774,M06_M
719,M08,M,Myrtle-Wyckoff Avs,40.69943,-73.912385,M08_M
720,M09,M,Knickerbocker Av,40.698664,-73.919711,M09_M
721,M10,M,Central Av,40.697857,-73.927397,M10_M
722,M11,M,Myrtle Av,40.697207,-73.935657,M11_M
723,M12,M,Flushing Av,40.70026,-73.941126,M12_M
724,M13,M,Lorimer St,40.703869,-73.947408,M13_M
725,M14,M,Hewes St,40.70687,-73.953431,M14_M
726,M16,M,Marcy Av,40.708359,-73.957757,M16_M
727,M18,M,Delancey St-Essex St,40.718315,-73.987437,M18_M
728,B08,N,Lexington Av/63 St,40.764629,-73.966113,B08_N
729,B12,N,9 Av,40.646292,-73.994324,B12_N
730,B13,N,Fort Hamilton Pkwy,40.640914,-73.994304,B13_N
731,B14,N,50 St,40.63626,-73.994791,B14_N
732,B15,N,55 St,40.631435,-73.995476,B15_N
733,B16,N,62 St,40.626472,-73.996895,B16_N
734,B17,N,71 St,40.619589,-73.998864,B17_N
735,B18,N,79 St,40.613501,-74.00061,B18_N
736,B19,N,18 Av,40.607954,-74.001736,B19_N
737,B20,N,20 Av,40.604556,-73.998168,B20_N
738,B21,N,Bay Pkwy,40.601875,-73.993728,B21_N
739,B22,N,25 Av,40.597704,-73.986829,B22_N
740,B23,N,Bay 50 St,40.588841,-73.983765,B23_N
741,D43,N,Coney Island-Stillwell Av,40.577422,-73.981233,D43_N
742,N02,N,8 Av,40.635064,-74.011719,N02_N
743,N03,N,Fort Hamilton Pkwy,40.631386,-74.005351,N03_N
744,N04,N,New Utrecht Av,40.624842,-73.996353,N04_N
745,N05,N,18 Av,40.620671,-73.990414,N05_N
746,N06,N,20 Av,40.61741,-73.985026,N06_N
747,N07,N,Bay Pkwy,40.611815,-73.981848,N07_N
748,N08,N,Kings Hwy,40.603923,-73.980353,N08_N
749,N09,N,Avenue U,40.597473,-73.979137,N09_N
750,N10,N,86 St,40.592721,-73.97823,N10_N
751,Q01,N,Canal St,40.718383,-74.00046,Q01_N
752,Q03,N,72 St,40.768799,-73.958424,Q03_N
753,Q04,N,86 St,40.777891,-73.951787,Q04_N
754,Q05,N,96 St,40.784318,-73.947152,Q05_N
755,R01,N,Astoria-Ditmars Blvd,40.775036,-73.912034,R01_N
756,R03,N,Astoria Blvd,40.770258,-73.917843,R03_N
757,R04,N,30 Av,40.766779,-73.921479,R04_N
758,R05,N,Broadway,40.76182,-73.925508,R05_N
759,R06,N,36 Av,40.756804,-73.929575,R06_N
760,R08,N,39 Av-Dutch Kills,40.752882,-73.932755,R08_N
761,R09,N,Queensboro Plaza,40.750582,-73.940202,R09_N
762,R11,N,Lexington Av/59 St,40.76266,-73.967258,R11_N
763,R13,N,5 Av/59 St,40.764811,-73.973347,R13_N
764,R14,N,57 St-7 Av,40.764664,-73.980658,R14_N
765,R15,N,49 St,40.759901,-73.984139,R15_N
766,R16,N,Times Sq-42 St,40.754672,-73.986754,R16_N
767,R17,N,34 St-Herald Sq,40.749567,-73.98795,R17_N
768,R18,N,28 St,40.745494,-73.988691,R18_N
769,R19,N,23 St,40.741303,-73.989344,R19_N
770,R20,N,14 St-Union Sq,40.735736,-73.990568,R20_N
771,R21,N,8 St-NYU,40.730328,-73.992629,R21_N
772,R22,N,Prince St,40.724329,-73.997702,R22_N
773,R23,N,Canal St,40.719527,-74.001775,R23_N
774,R24,N,City Hall,40.713282,-74.006978,R24_N
775,R25,N,Cortlandt St,40.710668,-74.011029,R25_N
776,R26,N,Rector St,40.70722,-74.013342,R26_N
777,R27,N,Whitehall St-South Ferry,40.703087,-74.012994,R27_N
778,R28,N,Court St,40.6941,-73.991777,R28_N
779,R29,N,Jay St-MetroTech,40.69218,-73.985942,R29_N
780,R30,N,DeKalb Av,40.690635,-73.981824,R30_N
781,R31,N,Atlantic Av-Barclays Ctr,40.683666,-73.97881,R31_N
782,R32,N,Union St,40.677316,-73.98311,R32_N
783,R33,N,4 Av-9 St,40.670847,-73.988302,R33_N
784,R34,N,Prospect Av,40.665414,-73.992872,R34_N
785,R35,N,25 St,40.660397,-73.998091,R35_N
786,R36,N,36 St,40.655144,-74.003549,R36_N
787,R39,N,45 St,40.648939,-74.010006,R39_N
788,R40,N,53 St,40.645069,-74.014034,R40_N
789,R41,N,59 St,40.641362,-74.017881,R41_N
790,B08,Q,Lexington Av/63 St,40.764629,-73.966113,B08_Q
791,D24,Q,Atlantic Av-Barclays Ctr,40.68446,-73.97689,D24_Q
792,D25,Q,7 Av,40.67705,-73.972367,D25_Q
793,D26,Q,Prospect Park,40.661614,-73.962246,D26_Q
794,D27,Q,Parkside Av,40.655292,-73.961495,D27_Q
795,D28,Q,Church Av,40.650527,-73.962982,D28_Q
796,D29,Q,Beverley Rd,40.644031,-73.964492,D29_Q
797,D30,Q,Cortelyou Rd,40.640927,-73.963891,D30_Q
798,D31,Q,Newkirk Plaza,40.635082,-73.962793,D31_Q
799,D32,Q,Avenue H,40.62927,-73.961639,D32_Q
800,D33,Q,Avenue J,40.625039,-73.960803,D33_Q
801,D34,Q,Avenue M,40.617618,-73.959399,D34_Q
802,D35,Q,Kings Hwy,40.60867,-73.957734,D35_Q
803,D37,Q,Avenue U,40.5993,-73.955929,D37_Q
804,D38,Q,Neck Rd,40.595246,-73.955161,D38_Q
805,D39,Q,Sheepshead Bay,40.586896,-73.954155,D39_Q
806,D40,Q,Brighton Beach,40.577621,-73.961376,D40_Q
807,D41,Q,Ocean Pkwy,40.576312,-73.968501,D41_Q
808,D42,Q,W 8 St-NY Aquarium,40.576127,-73.975939,D42_Q
809,D43,Q,Coney Island-Stillwell Av,40.577422,-73.981233,D43_Q
810,Q01,Q,Canal St,40.718383,-74.00046,Q01_Q
811,Q03,Q,72 St,40.768799,-73.958424,Q03_Q
812,Q04,Q,86 St,40.777891,-73.951787,Q04_Q
813,Q05,Q,96 St,40.784318,-73.947152,Q05_Q
814,R14,Q,57 St-7 Av,40.764664,-73.980658,R14_Q
815,R15,Q,49 St,40.759901,-73.984139,R15_Q
816,R16,Q,Times Sq-42 St,40.754672,-73.986754,R16_Q
817,R17,Q,34 St-Herald Sq,40.749567,-73.98795,R17_Q
818,R18,Q,28 St,40.745494,-73.988691,R18_Q
819,R19,Q,23 St,40.741303,-73.989344,R19_Q
820,R20,Q,14 St-Union Sq,40.735736,-73.990568,R20_Q
821,R21,Q,8 St-NYU,40.730328,-73.992629,R21_Q
822,R22,Q,Prince St,40.724329,-73.997702,R22_Q
823,R30,Q,DeKalb Av,40.690635,-73.981824,R30_Q
824,B08,R,Lexington Av/63 St,40.764629,-73.966113,B08_R
825,G08,R,Forest Hills-71 Av,40.721691,-73.844521,G08_R
826,G09,R,67 Av,40.726523,-73.852719,G09_R
827,G10,R,63 Dr-Rego Park,40.729846,-73.861604,G10_R
828,G11,R,Woodhaven Blvd,40.733106,-73.869229,G11_R
829,G12,R,Grand Av-Newtown,40.737015,-73.877223,G12_R
830,G13,R,Elmhurst Av,40.742454,-73.882017,G13_R
831,G14,R,Jackson Hts-Roosevelt Av,40.746644,-73.891338,G14_R
832,G15,R,65 St,40.749669,-73.898453,G15_R
833,G16,R,Northern Blvd,40.752885,-73.906006,G16_R
834,G18,R,46 St,40.756312,-73.913333,G18_R
835,G19,R,Steinway St,40.756879,-73.92074,G19_R
836,G20,R,36 St,40.752039,-73.928781,G20_R
837,G21,R,Queens Plaza,40.748973,-73.937243,G21_R
838,Q03,R,72 St,40.768799,-73.958424,Q03_R
839,Q04,R,86 St,40.777891,-73.951787,Q04_R
840,Q05,R,96 St,40.784318,-73.947152,Q05_R
841,R11,R,Lexington Av/59 St,40.76266,-73.967258,R11_R
842,R13,R,5 Av/59 St,40.764811,-73.973347,R13_R
843,R14,R,57 St-7 Av,40.764664,-73.980658,R14_R
844,R15,R,49 St,40.759901,-73.984139,R15_R
845,R16,R,Times Sq-42 St,40.754672,-73.986754,R16_R
846,R17,R,34 St-Herald Sq,40.749567,-73.98795,R17_R
847,R18,R,28 St,40.745494,-73.988691,R18_R
848,R19,R,23 St,40.741303,-73.989344,R19_R
849,R20,R,14 St-Union Sq,40.735736,-73.990568,R20_R
850,R21,R,8 St-NYU,40.730328,-73.992629,R21_R
851,R22,R,Prince St,40.724329,-73.997702,R22_R
852,R23,R,Canal St,40.719527,-74.001775,R23_R
853,R24,R,City Hall,40.713282,-74.006978,R24_R
854,R25,R,Cortlandt St,40.710668,-74.011029,R25_R
855,R26,R,Rector St,40.70722,-74.013342,R26_R
856,R27,R,Whitehall St-South Ferry,40.703087,-74.012994,R27_R
857,R28,R,Court St,40.6941,-73.991777,R28_R
858,R29,R,Jay St-MetroTech,40.69218,-73.985942,R29_R
859,R30,R,DeKalb Av,40.690635,-73.981824,R30_R
860,R31,R,Atlantic Av-Barclays Ctr,40.683666,-73.97881,R31_R
861,R32,R,Union St,40.677316,-73.98311,R32_R
862,R33,R,4 Av-9 St,40.670847,-73.988302,R33_R
863,R34,R,Prospect Av,40.665414,-73.992872,R34_R
864,R35,R,25 St,40.660397,-73.998091,R35_R
865,R36,R,36 St,40.655144,-74.003549,R36_R
866,R39,R,45 St,40.648939,-74.010006,R39_R
867,R40,R,53 St,40.645069,-74.014034,R40_R
868,R41,R,59 St,40.641362,-74.017881,R41_R
869,R42,R,Bay Ridge Av,40.634967,-74.023377,R42_R
870,R43,R,77 St,40.629742,-74.02551,R43_R
871,R44,R,86 St,40.622687,-74.028398,R44_R
872,R45,R,Bay Ridge-95 St,40.616622,-74.030876,R45_R
873,S09,SI,Tottenville,40.512764,-74.251961,S09_SI
874,S11,SI,Arthur Kill,40.516578,-74.242096,S11_SI
875,S13,SI,Richmond Valley,40.519631,-74.229141,S13_SI
876,S14,SI,Pleasant Plains,40.52241,-74.217847,S14_SI
877,S15,SI,Prince's Bay,40.525507,-74.200064,S15_SI
878,S16,SI,Huguenot,40.533674,-74.191794,S16_SI
879,S17,SI,Annadale,40.54046,-74.178217,S17_SI
880,S18,SI,Eltingville,40.544601,-74.16457,S18_SI
881,S19,SI,Great Kills,40.551231,-74.151399,S19_SI
882,S20,SI,Bay Terrace,40.5564,-74.136907,S20_SI
883,S21,SI,Oakwood Heights,40.56511,-74.12632,S21_SI
884,S22,SI,New Dorp,40.57348,-74.11721,S22_SI
885,S23,SI,Grant City,40.578965,-74.109704,S23_SI
886,S24,SI,Jefferson Av,40.583591,-74.103338,S24_SI
887,S25,SI,Dongan Hills,40.588849,-74.09609,S25_SI
888,S26,SI,Old Town,40.596612,-74.087368,S26_SI
889,S27,SI,Grasmere,40.603117,-74.084087,S27_SI
890,S28,SI,Clifton,40.621319,-74.071402,S28_SI
891,S29,SI,Stapleton,40.627915,-74.075162,S29_SI
892,S30,SI,Tompkinsville,40.636949,-74.074835,S30_SI
893,S31,SI,St George,40.643748,-74.073643,S31_SI
894,R01,W,Astoria-Ditmars Blvd,40.775036,-73.912034,R01_W
895,R03,W,Astoria Blvd,40.770258,-73.917843,R03_W
896,R04,W,30 Av,40.766779,-73.921479,R04_W
897,R05,W,Broadway,40.76182,-73.925508,R05_W
898,R06,W,36 Av,40.756804,-73.929575,R06_W
899,R08,W,39 Av-Dutch Kills,40.752882,-73.932755,R08_W
900,R09,W,Queensboro Plaza,40.750582,-73.940202,R09_W
901,R11,W,Lexington Av/59 St,40.76266,-73.967258,R11_W
902,R13,W,5 Av/59 St,40.764811,-73.973347,R13_W
903,R14,W,57 St-7 Av,40.764664,-73.980658,R14_W
904,R15,W,49 St,40.759901,-73.984139,R15_W
905,R16,W,Times Sq-42 St,40.754672,-73.986754,R16_W
906,R17,W,34 St-Herald Sq,40.749567,-73.98795,R17_W
907,R18,W,28 St,40.745494,-73.988691,R18_W
908,R19,W,23 St,40.741303,-73.989344,R19_W
909,R20,W,14 St-Union Sq,40.735736,-73.990568,R20_W
910,R21,W,8 St-NYU,40.730328,-73.992629,R21_W
911,R22,W,Prince St,40.724329,-73.997702,R22_W
912,R23,W,Canal St,40.719527,-74.001775,R23_W
913,R24,W,City Hall,40.713282,-74.006978,R24_W
914,R25,W,Cortlandt St,40.710668,-74.011029,R25_W
915,R26,W,Rector St,40.70722,-74.013342,R26_W
916,R27,W,Whitehall St-South Ferry,40.703087,-74.012994,R27_W
